<?xml version="1.0" encoding="UTF-8" standalone="no"?>
<catalog id="XML Catalog File (see http://www.oasis-open.org/committees/entity/spec-2001-08-06.html) - Created By Protege 4" prefer="public" xmlns="urn:oasis:names:tc:entity:xmlns:xml:catalog">
    <group id="Folder Repository, directory=, recursive=true, Auto-Update=true, version=1" prefer="public" xml:base="">
        <uri id="Automatically generated entry, Timestamp=1292946649226" name="http://www.irisa.fr/visages/team/farooq/ontologies/capacity-owl-lite.owl" uri="capacity-owl-lite.owl"/>
        <uri id="Automatically generated entry, Timestamp=1292946649226" name="http://www.irisa.fr/visages/team/farooq/ontologies/participant-role-owl-lite.owl" uri="participant-role-owl-lite.owl"/>
        <uri id="Automatically generated entry, Timestamp=1292946649226" name="http://www.irisa.fr/visages/team/farooq/ontologies/action-on-program-software-owl-lite.owl" uri="action-on-program-software-owl-lite.owl"/>
        <uri id="Automatically generated entry, Timestamp=1292946649226" name="http://www.irisa.fr/visages/team/farooq/ontologies/particular-owl-lite.owl" uri="particular-owl-lite.owl"/>
        <uri id="Automatically generated entry, Timestamp=1292946649226" name="http://www.irisa.fr/visages/team/farooq/ontologies/medical-image-file-owl-lite.owl" uri="medical-image-file-owl-lite.owl"/>
        <uri id="Automatically generated entry, Timestamp=1292946649226" name="http://www.irisa.fr/visages/team/farooq/ontologies/action-owl-lite.owl" uri="action-owl-lite.owl"/>
        <uri id="Automatically generated entry, Timestamp=1292946649226" name="http://www.irisa.fr/visages/team/farooq/ontologies/instrument-owl-lite.owl" uri="instrument-owl-lite.owl"/>
        <uri id="Automatically generated entry, Timestamp=1292946649226" name="http://www.irisa.fr/visages/team/farooq/ontologies/collection-owl-lite.owl" uri="collection-owl-lite.owl"/>
        <uri id="Automatically generated entry, Timestamp=1292946649226" name="http://www.irisa.fr/visages/team/farooq/mr-sequence-owl-lite.owl" uri="mr-sequence-owl-lite.owl"/>
        <uri id="Automatically generated entry, Timestamp=1292946649226" name="http://www.irisa.fr/visages/team/farooq/ontologies/number-owl-lite.owl" uri="number-owl-lite.owl"/>
        <uri id="Automatically generated entry, Timestamp=1292946649226" name="http://www.irisa.fr/visages/team/farooq/ontologies/web-service-owl-lite.owl" uri="web-service-owl-lite.owl"/>
        <uri id="Automatically generated entry, Timestamp=1292946649226" name="http://www.irisa.fr/visages/team/farooq/ontologies/discourse-message-act-owl-lite.owl" uri="discourse-message-act-owl-lite.owl"/>
        <uri id="Automatically generated entry, Timestamp=1292946649226" name="http://www.irisa.fr/visages/team/farooq/ontologies/medical-image-format-owl-lite.owl" uri="medical-image-format-owl-lite.owl"/>
        <uri id="Automatically generated entry, Timestamp=1292946649226" name="https://www.irisa.fr/visages/forestier/vip-biological-object.owl" uri="vip-biological-object.owl"/>
        <uri id="Automatically generated entry, Timestamp=1292946649226" name="http://www.irisa.fr/visages/team/farooq/ontologies/agentive-owl-lite.owl" uri="agentive-owl-lite.owl"/>
        <uri id="Automatically generated entry, Timestamp=1292946649226" name="http://www.irisa.fr/visages/team/farooq/ontologies/temporal-quality-owl-lite.owl" uri="temporal-quality-owl-lite.owl"/>
        <uri id="Automatically generated entry, Timestamp=1292946649226" name="http://www.irisa.fr/visages/team/farooq/ontologies/physical-quality-owl-lite.owl" uri="physical-quality-owl-lite.owl"/>
        <uri id="Automatically generated entry, Timestamp=1292946649226" name="http://www.irisa.fr/visages/team/farooq/ontologies/mr-protocol-owl-lite.owl" uri="mr-protocol-owl-lite.owl"/>
        <uri id="Automatically generated entry, Timestamp=1292946649226" name="http://www.irisa.fr/visages/team/farooq/ontologies/library-software-platform-owl-lite.owl" uri="library-software-platform-owl-lite.owl"/>
        <uri id="Automatically generated entry, Timestamp=1292946649226" name="http://www.irisa.fr/visages/team/farooq/ontologies/human-owl-lite.owl" uri="human-owl-lite.owl"/>
        <uri id="Automatically generated entry, Timestamp=1292946649226" name="http://www.irisa.fr/visages/team/farooq/ontologies/study-owl-lite.owl" uri="study-owl-lite.owl"/>
        <uri id="Automatically generated entry, Timestamp=1292946649226" name="http://www.irisa.fr/visages/team/farooq/ontologies/examination-subject-owl-lite.owl" uri="examination-subject-owl-lite.owl"/>
        <uri id="Automatically generated entry, Timestamp=1292946649226" name="http://www.irisa.fr/visages/team/farooq/ontologies/dataset-acquisition-owl-lite.owl" uri="dataset-acquisition-owl-lite.owl"/>
        <uri id="Automatically generated entry, Timestamp=1292946649226" name="http://www.irisa.fr/visages/team/farooq/ontologies/dataset-processing-owl-lite.owl" uri="dataset-processing-owl-lite.owl"/>
        <uri id="Automatically generated entry, Timestamp=1292946649226" name="http://www.irisa.fr/visages/team/farooq/ontologies/file-owl-lite.owl" uri="file-owl-lite.owl"/>
        <uri id="Automatically generated entry, Timestamp=1292946649226" name="http://www.irisa.fr/visages/team/farooq/ontologies/computer-language-owl-lite.owl" uri="computer-language-owl-lite.owl"/>
        <uri id="Automatically generated entry, Timestamp=1292946649226" name="http://www.irisa.fr/visages/team/farooq/ontologies/language-owl-lite.owl" uri="language-owl-lite.owl"/>
        <uri id="Automatically generated entry, Timestamp=1292946649226" name="https://www.irisa.fr/visages/forestier/model-vip.owl" uri="vip-model.owl"/>
        <uri id="Automatically generated entry, Timestamp=1292946649226" name="http://www.irisa.fr/visages/team/farooq/ontologies/computer-language-expression-owl-lite.owl" uri="computer-language-expression-owl-lite.owl"/>
        <uri id="Automatically generated entry, Timestamp=1292946649226" name="http://www.irisa.fr/visages/team/farooq/ontologies/state-owl-lite.owl" uri="state-owl-lite.owl"/>
        <uri id="Automatically generated entry, Timestamp=1292946649226" name="http://www.irisa.fr/visages/team/farooq/ontologies/artefact-owl-lite.owl" uri="artefact-owl-lite.owl"/>
        <uri id="Automatically generated entry, Timestamp=1292946649226" name="http://www.irisa.fr/visages/team/farooq/ontologies/iec-owl-lite.owl" uri="iec-owl-lite.owl"/>
        <uri id="Automatically generated entry, Timestamp=1292946649226" name="http://www.irisa.fr/visages/team/farooq/ontologies/dataset-owl-lite.owl" uri="dataset-owl-lite.owl"/>
        <uri id="Automatically generated entry, Timestamp=1292946649226" name="http://www.irisa.fr/visages/team/farooq/ontologies/instruments-declaration-owl-lite.owl" uri="instruments-declaration-owl-lite.owl"/>
        <uri id="Automatically generated entry, Timestamp=1292946649226" name="http://www.irisa.fr/visages/team/farooq/ontologies/medical-image-expression-owl-lite.owl" uri="medical-image-expression-owl-lite.owl"/>
        <uri id="Automatically generated entry, Timestamp=1292946649226" name="http://www.irisa.fr/visages/team/farooq/ontologies/linguistic-expression-owl-lite.owl" uri="linguistic-expression-owl-lite.owl"/>
    </group>
</catalog>
